"nstorm","worry","nevac","prepared","homeloc","nyear","gender","income","politics","age","zone","lat","long"
2,3,0,3,2,86,1,4,3,86,"A",41.26324,-72.842965
1,4,0,3,3,25,1,NA,NA,52,"A",41.3106099999999,-72.0988239999999
3,4,0,3,3,19,2,6,2,83,"A",41.2652349999999,-72.8252329999999
3,6,1,1,1,52,1,5,3,64,"A",41.154187,-73.1134179999999
2,1,0,2,3,15,1,5,3,66,"A",41.2694419999999,-72.8922469999999
5,4,0,2,1,23,2,NA,3,76,"A",41.271396,-72.5909359999999
3,6,1,3,3,36,2,NA,3,37,"A",41.262037,-72.866106
5,4,0,3,3,50,2,NA,3,50,"A",41.151676,-73.2278529999999
1,3,0,3,3,4,1,3,1,38,"A",41.097606,-73.401936
2,6,0,2,2,17,2,6,2,50,"A",41.09104,-73.4129599999999
2,7,2,1,2,50,2,NA,3,77,"A",41.2784669999999,-72.409665
3,5,0,2,3,70,1,4,4,71,"A",41.250827,-72.869213
2,7,0,2,1,24,2,5,2,60,"A",41.252138,-72.875095
2,5,0,2,2,18,2,5,2,55,"A",41.263249,-72.843136
4,1,NA,2,1,17,2,6,2,78,"A",41.118521,-73.262427
1,3,1,3,2,2,1,6,4,51,"A",41.026718,-73.565226
2,3,1,2,1,64,2,5,3,64,"A",41.333562,-71.951395
4,6,0,3,3,40,NA,NA,NA,NA,"A",41.262987,-72.74764
0,4,0,2,1,35,1,5,3,73,"A",41.29592,-72.2587029999999
3,6,0,2,1,12,1,5,4,64,"A",41.216808,-73.021191
2,6,2,4,3,24,1,4,4,55,"A",41.2732639999999,-72.671783
6,7,2,3,1,50,2,2,3,71,"A",41.284367,-72.389576
3,2,0,3,3,14,1,4,3,72,"A",41.274535,-72.534316
3,1,1,1,3,90,2,1,4,90,"A",41.257162,-72.951362
3,4,0,1,2,75,1,NA,4,75,"A",41.272302,-72.8714899999999
1,1,0,2,3,46,1,3,3,48,"A",41.2586689999999,-72.951603
2,1,0,1,3,14,1,2,1,75,"A",41.247199,-72.877499
2,4,0,4,3,30,2,5,2,60,"A",41.305779,-72.124024
2,7,1,1,1,5,2,1,3,61,"A",41.1481039999999,-73.363262
2,5,0,3,3,22,1,6,3,67,"A",41.111747,-73.378189
2,1,0,1,1,30,2,2,1,59,"A",41.2487569999999,-72.874609
5,2,1,5,1,28,2,3,3,27,"A",41.449027,-72.09998
2,7,2,3,1,38,2,4,2,62,"A",41.262933,-72.892012
2,5,1,2,1,27,2,2,3,65,"A",41.258406,-72.891011
3,3,1,5,3,10,2,3,3,55,"A",41.180577,-73.1369899999999
4,5,1,2,1,32,2,NA,NA,67,"A",41.267229,-72.374857
2,4,0,2,3,13,2,6,4,45,"A",41.2738609999999,-72.574894
5,6,1,3,1,59,1,4,3,59,"A",41.1496089999999,-73.133679
2,6,0,4,3,50,1,1,4,79,"A",41.0590359999999,-73.546153
5,5,2,3,2,76,2,2,3,76,"A",41.2227269999999,-73.0454119999999
3,3,1,2,3,41,2,4,4,51,"A",41.15008,-73.126846
1,3,0,3,3,50,1,3,4,86,"A",41.233457,-72.995086
8,5,0,3,3,1,2,3,2,48,"A",41.103296,-73.41681
2,6,2,3,1,21,2,1,2,53,"A",41.098601,-73.373524
2,5,0,2,3,16,1,6,3,56,"A",41.3184779999999,-72.09099
3,7,2,3,3,13,2,6,2,67,"A",41.3118399999999,-72.8889
2,5,0,2,3,42,2,2,3,77,"A",41.2651389999999,-72.865395
2,4,0,3,3,25,2,4,4,48,"A",41.185923,-73.101104
2,4,0,3,1,16,1,NA,4,69,"A",41.251094,-72.8598429999999
2,4,2,3,1,22,2,5,3,59,"A",41.2236639999999,-73.0028839999999
2,3,0,3,3,7,1,6,3,33,"A",41.0354219999999,-73.5272949999999
2,5,0,2,3,7,2,6,4,43,"A",41.2649139999999,-72.75011
5,3,1,3,1,40,1,6,3,74,"A",41.130519,-73.2905999999999
2,6,2,3,1,7,2,4,3,43,"A",41.260821,-72.793901
2,7,0,2,1,5,2,6,3,60,"A",41.071783,-73.445812
1,4,0,4,3,6,2,2,3,76,"A",41.368984,-72.857692
2,7,0,3,2,65,2,2,1,65,"A",41.285265,-72.9514609999999
2,4,0,3,2,22,2,4,3,64,"A",41.210441,-73.023959
3,6,0,3,1,60,2,3,3,69,"A",41.1539319999999,-73.219998
1,2,0,3,2,14,1,1,4,72,"A",41.2504539999999,-72.871144
2,2,1,3,1,16,2,3,4,78,"A",41.0457669999999,-73.488512
2,4,0,3,3,30,1,5,3,50,"A",41.3515999999999,-72.172397
3,NA,2,2,1,14,2,2,3,59,"A",41.1705079999999,-73.1145829999999
2,4,2,3,3,40,1,3,2,65,"A",41.2604669999999,-72.8934239999999
7,6,0,2,3,60,2,2,4,97,"A",41.149838,-73.3613229999999
1,4,2,2,3,16,NA,NA,NA,NA,"A",41.27225,-72.5898619999999
2,1,0,1,2,54,2,1,4,79,"A",41.28056,-72.8066759999999
4,6,0,2,3,30,2,NA,4,48,"A",41.440515,-72.092036
2,3,0,2,2,70,1,4,3,68,"A",41.360477,-71.8403409999999
1,4,0,3,3,NA,2,3,3,83,"A",41.399639,-72.108895
4,6,3,3,1,30,2,3,3,64,"A",41.253822,-72.8999749999999
2,2,0,2,1,40,1,6,5,44,"A",41.301527,-72.226971
2,3,1,3,1,15,2,2,3,81,"A",41.263852,-72.517474
2,3,0,1,2,14,2,NA,3,63,"A",41.330049,-72.1734189999999
4,2,0,2,2,71,2,4,4,71,"A",41.144893,-73.2743009999999
3,3,0,2,1,30,2,3,3,54,"A",41.337723,-72.100161
2,5,0,3,1,26,1,6,2,60,"A",41.258609,-72.851723
1,6,1,4,1,12,2,2,3,56,"A",41.160262,-73.2259389999999
1,5,1,1,1,12,1,NA,2,66,"A",41.0710029999999,-73.449347
2,2,0,3,1,23,1,2,3,67,"A",41.223559,-72.997297
NA,3,0,1,3,12,1,4,4,71,"A",41.2114809999999,-73.021811
2,2,1,3,3,36,1,5,3,80,"A",41.271878,-72.4849179999999
1,5,1,2,3,4,2,6,4,51,"A",41.2566539999999,-72.863692
2,4,0,2,1,50,2,4,2,51,"A",41.259399,-72.8502399999999
2,3,0,2,2,47,2,3,3,69,"A",41.2852299999999,-72.397146
2,6,1,3,3,2,2,5,2,47,"A",41.26805,-72.646008
3,7,2,1,1,4,2,4,1,32,"A",41.2735539999999,-72.669932
6,6,0,3,1,20,1,2,3,58,"A",41.305352,-72.30356
4,5,0,2,3,8,1,4,4,45,"A",41.2145439999999,-73.0481599999999
5,7,2,2,1,40,2,1,3,52,"A",41.2630059999999,-72.796384
2,3,1,4,3,26,2,3,2,28,"A",41.37821,-71.8354989999999
2,6,0,3,2,52,1,3,3,65,"A",41.280135,-72.486045
3,5,0,3,1,50,1,4,3,50,"A",41.2761649999999,-72.799059
3,7,2,3,3,17,2,4,3,53,"A",41.2639169999999,-72.8938689999999
2,6,0,3,3,24,2,NA,2,56,"A",41.315955,-72.125951
2,4,0,2,3,27,2,4,3,45,"A",41.19621,-73.1176229999999
1,6,1,3,1,12,1,5,4,61,"A",41.269964,-72.4734799999999
1,2,0,4,3,7,1,5,2,55,"A",41.2671169999999,-72.386491
2,4,2,3,1,7,NA,6,1,66,"A",41.107601,-73.353359
2,1,0,1,1,12,2,2,NA,34,"A",41.246864,-72.8927699999999
4,5,1,2,1,20,2,NA,3,70,"A",41.197495,-73.0801069999999
2,3,0,3,1,5,1,5,2,38,"A",41.3216189999999,-72.2447729999999
4,4,0,2,1,62,1,4,2,62,"A",41.1488009999999,-73.238297
2,4,0,3,1,42,1,5,2,70,"A",41.1520569999999,-73.1237809999999
2,2,0,3,2,0,1,2,1,65,"A",41.390115,-72.8720019999999
3,2,0,2,3,36,1,5,2,63,"A",41.0175259999999,-73.6222609999999
2,2,0,4,1,64,2,3,5,83,"A",41.2630589999999,-72.517459
2,3,2,3,1,40,1,4,4,69,"A",41.1340069999999,-73.243041
2,7,2,4,3,12,1,6,2,106,"A",41.121659,-73.268697
2,5,0,3,3,10,1,4,2,49,"A",41.271041,-72.900686
3,6,2,2,2,49,2,NA,2,49,"A",41.258592,-72.9455209999999
2,4,0,1,1,45,1,5,5,44,"A",41.2035899999999,-73.0641499999999
2,5,2,1,1,40,2,NA,2,63,"A",41.253335,-72.808667
3,3,0,3,2,30,1,2,4,62,"A",41.1156659999999,-73.347204
1,4,1,3,1,53,1,5,3,76,"A",41.343094,-71.976973
2,1,0,1,2,17,1,3,3,65,"A",41.2641479999999,-72.867615
3,3,0,4,1,8,2,3,3,53,"A",41.375846,-71.833812
2,4,2,2,1,10,1,5,4,70,"A",41.270648,-72.384652
2,3,0,1,2,26,2,3,3,67,"A",41.213317,-73.0107919999999
2,3,0,2,1,10,2,5,2,56,"A",41.1401639999999,-73.2639829999999
3,5,1,3,1,14,2,NA,3,53,"A",41.3241289999999,-72.189036
3,2,0,1,1,34,1,3,3,61,"A",41.1539319999999,-73.219998
3,5,3,2,1,5,2,6,4,41,"A",41.142709,-73.2444289999999
2,4,0,3,1,25,2,2,3,59,"A",41.221583,-73.042809
2,7,0,3,1,61,2,4,4,62,"A",41.2696979999999,-72.5335259999999
2,4,0,3,3,20,1,5,4,78,"A",41.3117639999999,-72.2063789999999
2,2,0,3,1,3,2,2,1,26,"A",41.158822,-73.221861
2,2,0,1,3,20,1,NA,NA,73,"A",40.9960409999999,-73.658764
2,5,0,3,3,65,2,5,3,65,"A",41.262098,-72.8210629999999
5,5,0,2,2,19,2,5,1,53,"A",41.1232779999999,-73.3659779999999
2,7,1,4,3,10,2,4,2,49,"A",41.154603,-73.2264169999999
2,3,0,3,3,80,NA,NA,NA,NA,"A",41.340999,-72.137415
2,6,2,3,1,NA,1,NA,3,76,"A",41.355843,-71.841665
2,5,0,2,2,44,1,6,2,44,"A",41.155749,-73.2229169999999
4,5,0,2,3,15,2,6,4,50,"A",41.101114,-73.38455
2,5,2,2,1,16,2,4,NA,86,"A",41.335991,-71.9322049999999
0,4,0,2,3,50,1,NA,NA,73,"A",41.2834739999999,-72.433886
1,5,0,4,3,2,2,2,4,36,"A",41.0449559999999,-73.519552
2,5,2,3,1,3,2,5,2,49,"A",41.14488,-73.245379
1,4,0,2,3,25,2,5,3,67,"A",41.272155,-72.579981
5,3,0,4,2,50,2,3,3,71,"A",41.308511,-72.215012
2,6,0,3,2,40,2,5,3,40,"A",41.213242,-73.034767
3,1,3,2,3,50,2,1,1,83,"A",41.17168,-73.169307
NA,1,0,1,2,75,2,1,5,82,"A",41.130732,-73.268152
5,4,0,3,3,50,2,3,3,64,"A",41.236923,-72.990088
3,3,0,4,3,59,2,4,1,86,"A",41.080032,-73.4180379999999
2,4,2,3,1,15,2,3,3,80,"A",41.28033,-72.391968
2,3,2,3,1,40,1,3,2,83,"A",41.348761,-71.9097919999999
2,2,0,2,3,40,2,5,NA,66,"A",41.247752,-72.890186
2,5,0,3,3,70,1,NA,NA,71,"A",41.238557,-72.9915299999999
4,7,0,2,1,59,2,6,1,59,"A",41.315319,-72.8878299999999
6,5,3,2,1,24,2,2,4,83,"A",41.2819399999999,-72.417032
3,7,0,2,3,44,2,4,5,75,"A",41.3084169999999,-72.2101409999999
2,6,2,4,3,14,2,5,3,48,"A",41.0477429999999,-73.4805989999999
3,4,0,3,2,20,1,2,3,71,"A",41.2691329999999,-72.940931
3,3,0,3,2,86,NA,NA,NA,NA,"A",41.259061,-72.870025
1,2,0,4,3,14,2,2,1,29,"A",41.277139,-72.805954
2,5,0,1,2,25,2,NA,NA,61,"A",41.271885,-72.576515
0,4,0,3,1,2,2,4,2,57,"A",41.2860429999999,-72.4212519999999
2,5,1,4,3,26,2,3,2,51,"A",41.2295319999999,-72.9968559999999
2,5,1,2,1,8,2,3,2,56,"A",41.2787239999999,-72.8071199999999
2,3,0,2,1,44,1,5,3,69,"A",41.281038,-72.385782
1,1,1,3,3,12,2,4,1,76,"A",41.270121,-72.5308459999999
2,2,0,3,3,30,1,3,2,56,"A",41.3243739999999,-72.9593679999999
3,5,1,2,1,8,2,2,2,49,"A",41.2799109999999,-72.4207069999999
2,6,2,3,3,45,2,4,2,85,"A",41.2620829999999,-72.8211459999999
3,6,0,2,1,20,2,3,3,57,"A",41.155054,-73.120733
4,4,0,3,1,5,1,4,4,69,"A",41.210841,-73.030444
2,6,0,2,3,12,2,3,2,52,"A",41.2846869999999,-72.526689
2,3,0,2,3,46,1,4,1,82,"A",41.2154019999999,-73.051077
3,7,2,2,2,22,2,6,3,60,"A",41.1453599999999,-73.226116
0,5,2,1,1,12,2,6,3,60,"A",41.277053,-72.4209749999999
1,5,1,3,3,10,2,6,2,74,"A",41.020304,-73.52867
1,5,0,1,3,70,1,3,3,71,"A",41.30451,-72.131038
3,2,1,2,3,18,2,6,2,51,"A",41.067492,-73.430098
12,7,0,2,3,36,1,4,3,63,"A",41.262644,-72.9438779999999
4,3,1,2,1,16,2,2,1,57,"A",41.3540739999999,-71.961584
4,4,0,2,3,NA,2,4,3,65,"A",41.354557,-71.96738
2,3,0,3,3,25,1,3,3,72,"A",41.3939659999999,-72.380555
4,2,0,3,3,35,2,4,2,62,"A",41.343831,-71.896028
2,7,2,2,3,55,2,2,3,61,"A",41.3104909999999,-72.1027169999999
3,2,0,2,3,41,2,5,3,74,"A",41.34868,-71.843438
5,7,0,2,2,36,2,5,1,76,"A",41.02375,-73.527023
2,7,0,2,3,5,1,5,3,53,"A",41.279183,-72.8093609999999
3,2,0,3,1,29,1,2,4,54,"A",41.2706889999999,-72.8113859999999
1,6,0,2,3,3,2,2,4,40,"A",41.220686,-73.1040639999999
1,4,0,3,2,38,2,5,5,52,"A",41.2937489999999,-72.3948319999999
2,7,1,3,2,50,2,4,3,63,"A",41.2815289999999,-72.8115269999999
4,5,1,4,1,37,2,5,2,37,"A",41.1361589999999,-73.2605099999999
9,4,0,1,2,40,2,2,3,72,"A",41.2789059999999,-72.802075
2,7,0,2,2,50,1,3,3,78,"A",41.210923,-73.0140839999999
5,2,0,1,2,42,1,6,4,63,"A",41.351925,-72.1765079999999
2,2,0,3,2,44,1,4,3,69,"A",41.269908,-72.8282779999999
1,4,0,3,1,53,1,NA,NA,54,"A",41.3036129999999,-72.893082
0,7,0,1,3,86,2,6,4,87,"A",41.264076,-72.7735919999999
1,5,1,4,3,35,1,3,4,96,"A",41.1736319999999,-73.167483
4,5,0,3,2,15,1,5,3,75,"A",41.2668779999999,-72.8194989999999
2,6,1,3,1,12,2,4,2,46,"A",41.260821,-72.793901
4,3,0,4,3,61,2,2,3,61,"A",41.315123,-72.873125
3,4,3,1,2,30,1,NA,NA,55,"A",41.260936,-72.839275
1,5,0,3,3,45,1,4,2,68,"A",41.310649,-72.215704
2,5,1,3,1,3,1,3,3,35,"A",41.172398,-73.168259
1,6,0,4,3,57,2,2,4,81,"A",41.2814959999999,-72.944108
1,4,0,2,2,12,1,3,3,51,"A",41.283357,-72.810141
2,2,1,3,3,70,1,4,NA,78,"A",41.1225439999999,-73.3157729999999
2,4,1,3,1,3,1,4,3,66,"A",41.258106,-72.833014
2,1,0,2,1,30,1,3,2,62,"A",41.274642,-72.3844859999999
2,5,0,3,2,12,2,2,1,66,"A",41.3135359999999,-72.209564
2,5,0,3,2,40,2,5,3,56,"A",41.2716909999999,-72.872405
2,4,NA,3,NA,35,NA,6,3,NA,"A",41.2628029999999,-72.7905109999999
3,3,0,1,3,30,2,4,2,66,"A",41.1899009999999,-73.1263409999999
2,4,1,2,1,10,2,4,2,61,"A",41.261208,-72.7976859999999
3,5,1,3,1,60,1,3,4,68,"A",41.275841,-72.425037
6,4,3,3,1,28,2,3,3,53,"A",41.131134,-73.243071
3,4,0,1,1,42,2,NA,2,89,"A",41.0414409999999,-73.508858
2,4,0,2,1,41,2,2,4,69,"A",41.2235859999999,-72.999705
4,5,1,3,3,23,1,6,3,60,"A",41.0834139999999,-73.4132579999999
3,3,0,2,3,43,1,6,2,48,"A",41.031328,-73.600598
2,5,1,2,1,14,1,5,1,52,"A",41.353002,-71.847255
3,4,2,3,1,76,1,4,4,76,"A",41.155521,-73.2333789999999
3,1,0,3,NA,35,1,5,3,68,"A",41.1948179999999,-73.0817799999999
2,4,1,3,1,4,2,3,1,58,"A",41.223957,-73.00302
3,4,0,3,2,34,1,5,3,63,"A",41.249046,-72.8698069999999
3,6,0,2,3,37,1,5,NA,71,"A",41.3725499999999,-71.835661
1,5,0,2,2,2,2,4,3,34,"A",41.2190599999999,-73.056916
2,2,0,2,3,43,1,5,3,68,"A",41.0625369999999,-73.4361559999999
3,3,0,4,3,35,1,2,3,79,"A",41.3153859999999,-72.873005
2,5,1,3,3,15,2,NA,3,46,"A",41.062266,-73.444456
3,2,0,4,3,29,2,5,4,74,"A",41.234347,-72.975295
2,5,0,3,3,36,2,6,3,69,"A",41.24949,-72.708561
3,4,0,3,2,77,2,2,3,77,"A",41.2782029999999,-72.8653599999999
4,5,0,2,3,29,2,5,3,50,"A",41.204852,-73.0397349999999
2,7,0,2,2,13,2,4,3,62,"A",41.2801979999999,-72.7996349999999
1,4,0,4,1,30,1,NA,NA,NA,"A",41.1535519999999,-73.22337
2,5,0,4,3,15,1,5,3,42,"A",41.208053,-73.060129
2,3,0,2,2,13,2,4,2,63,"A",41.152112,-73.132001
4,3,2,3,1,10,1,4,1,88,"A",41.082584,-73.413664
2,3,NA,3,3,45,2,3,4,74,"A",41.150091,-73.228969
0,4,0,3,3,1,2,3,3,81,"A",41.341878,-71.899015
3,5,0,2,3,9,2,5,3,39,"A",41.15252,-73.227288
4,1,0,2,1,9,1,3,2,35,"A",41.156281,-73.230734
2,5,0,2,2,60,1,4,2,61,"A",41.202233,-73.0799379999999
5,3,1,2,1,43,1,6,3,74,"A",41.110438,-73.352845
2,4,0,3,3,26,1,4,2,26,"A",41.154325,-73.226748
4,2,0,2,3,45,1,6,5,42,"A",41.029431,-73.604212
3,4,0,2,1,30,2,5,2,74,"A",41.0306909999999,-73.571228
3,3,1,2,3,45,1,6,4,64,"A",41.0565959999999,-73.4572799999999
NA,3,0,3,3,48,2,3,2,81,"A",41.1529349999999,-73.119259
5,4,1,3,3,70,1,4,1,70,"A",41.25974,-72.9408679999999
2,3,0,1,2,27,1,3,4,78,"A",41.209561,-73.061107
1,4,0,2,1,27,2,3,3,63,"A",41.306922,-72.23712
2,5,1,4,3,6,2,3,5,29,"A",41.3402299999999,-72.0553759999999
2,5,2,2,3,50,2,4,2,55,"A",41.259137,-72.9435859999999
3,7,2,1,1,40,2,4,3,66,"A",41.2723689999999,-72.592718
2,7,0,1,2,40,2,4,4,60,"A",41.2731509999999,-72.590674
2,6,0,3,1,34,1,6,2,72,"A",41.093964,-73.403734
2,3,0,4,1,46,1,6,4,80,"A",41.115106,-73.374965
5,5,1,3,3,19,1,2,3,60,"A",41.176581,-73.137789
NA,7,2,3,1,42,2,2,3,81,"A",41.089024,-73.415317
3,3,0,4,3,20,2,3,3,47,"A",41.173214,-73.139317
2,4,0,3,3,20,NA,NA,NA,NA,"A",41.015439,-73.622555
1,2,0,3,3,3,1,4,4,41,"A",41.3574699999999,-72.083984
2,2,2,3,1,19,1,1,3,84,"A",41.236699,-72.986528
2,4,1,4,1,4,1,6,3,93,"A",41.132642,-73.252414
2,6,0,2,3,54,1,3,5,80,"A",41.3557199999999,-72.08395
2,7,1,2,1,25,2,5,3,68,"A",41.0312509999999,-73.531086
1,2,0,2,2,12,1,6,4,50,"A",41.126631,-73.339763
3,4,0,3,3,35,1,4,3,48,"A",41.1929329999999,-73.1045639999999
2,2,0,2,3,11,1,NA,3,38,"A",41.138923,-73.265043
3,3,0,3,3,10,1,NA,4,62,"A",41.299723,-72.2136059999999
4,3,0,1,2,64,NA,NA,NA,NA,"A",41.157304,-73.125234
3,3,0,3,2,17,2,3,4,57,"A",41.321517,-72.361714
3,4,0,3,3,72,1,NA,3,86,"A",41.313536,-72.209564
3,3,0,4,2,10,2,NA,3,73,"A",41.2098379999999,-73.0594899999999
2,5,2,2,1,31,1,5,3,50,"A",41.3462389999999,-71.899837
1,5,1,3,3,24,2,5,3,64,"A",41.0277779999999,-73.5605589999999
3,4,1,3,3,29,2,5,3,29,"A",41.266838,-72.843805
2,4,0,3,3,3,2,6,3,32,"A",41.1225439999999,-73.3157729999999
2,5,1,3,1,6,2,NA,NA,NA,"A",41.254449,-72.862272
2,3,2,2,3,24,2,5,3,39,"A",41.19127,-73.0855179999999
2,5,0,4,3,36,2,1,3,65,"A",41.340719,-72.049084
11,5,0,2,2,50,2,5,4,50,"A",41.277684,-72.554394
2,3,1,2,3,60,1,2,3,60,"A",41.3153379999999,-72.8730269999999
2,5,0,3,3,45,1,4,4,57,"A",41.091105,-73.415442
2,4,0,3,1,6,2,6,4,43,"A",41.1092149999999,-73.3546269999999
NA,4,0,3,3,40,2,2,3,91,"A",41.097709,-73.400196
2,5,2,3,3,20,1,5,2,53,"A",41.256872,-72.697804
1,5,0,3,1,47,1,3,3,75,"A",41.1564929999999,-73.1178129999999
2,4,0,2,3,18,2,5,1,42,"A",41.2690959999999,-72.807905
3,1,0,2,1,13,2,5,3,51,"A",41.276499,-72.521072
2,4,0,3,3,17,1,4,2,66,"A",41.3595329999999,-71.958364
2,6,2,2,1,25,1,5,3,68,"A",41.0273329999999,-73.5711
5,4,0,2,3,37,1,4,4,64,"A",41.2362159999999,-72.982397
NA,2,0,3,2,42,2,NA,NA,73,"A",41.2620689999999,-72.848166
2,1,0,1,3,59,1,2,3,59,"A",41.315376,-72.107382
2,6,1,2,1,7,2,6,2,53,"A",41.1214719999999,-73.270115
3,3,0,2,2,20,2,5,1,71,"A",41.0883779999999,-73.4000489999999
2,5,0,2,1,46,1,5,2,54,"A",41.309894,-72.14394
2,3,1,3,3,20,1,3,3,57,"A",41.275039,-72.937157
2,7,0,2,3,20,2,4,4,53,"A",41.2350989999999,-72.98733
3,6,1,5,3,3,2,5,3,47,"A",41.15677,-73.2275829999999
2,4,2,3,3,18,2,5,3,54,"A",41.310129,-72.1434009999999
NA,5,4,3,1,45,2,6,4,71,"A",41.0675219999999,-73.4329589999999
2,5,0,3,3,25,1,6,2,51,"A",41.269148,-72.811605
NA,3,1,4,3,25,2,3,2,30,"A",41.153522,-73.227939
2,5,0,1,1,13,1,4,4,75,"A",41.2647989999999,-72.3881829999999
2,5,0,1,3,15,1,5,4,59,"A",41.350461,-71.943808
10,5,0,3,2,77,1,4,3,77,"A",41.314136,-72.324165
2,5,0,3,3,4,2,1,2,34,"A",41.2985109999999,-72.9264009999999
2,5,0,3,3,22,1,5,4,66,"A",41.043322,-73.4787649999999
3,2,0,2,1,35,NA,NA,NA,NA,"A",41.2666899999999,-72.3788839999999
3,3,0,3,2,36,1,3,3,82,"A",41.2693769999999,-72.8133909999999
0,6,0,4,3,39,1,4,2,82,"A",41.2798,-72.794369
2,5,0,3,2,18,1,2,4,71,"A",41.210138,-73.0588209999999
NA,4,0,2,3,68,1,4,3,68,"A",41.2564149999999,-72.6792889999999
2,5,2,2,3,70,1,6,5,32,"A",41.258035,-72.808126
2,4,1,2,1,29,2,4,3,40,"A",41.211395,-73.060672
3,4,1,3,1,7,2,5,4,35,"A",41.284328,-72.641281
3,1,0,1,2,30,2,2,3,75,"A",41.310091,-72.142037
2,7,1,3,3,3,2,2,3,69,"A",41.2662809999999,-72.936068
2,5,0,2,1,6,2,3,4,33,"A",41.155521,-73.2333789999999
0,5,0,NA,1,60,2,5,3,81,"A",41.245303,-72.887707
2,7,0,3,3,10,2,3,5,54,"A",41.306207,-72.207246
2,4,0,2,3,11,2,5,2,66,"A",41.2785659999999,-72.550081
3,7,0,2,1,34,1,5,2,62,"A",41.251336,-72.8693949999999
2,6,1,2,1,37,2,3,3,72,"A",41.2654679999999,-72.3821159999999
2,2,0,3,3,19,1,5,2,47,"A",41.365319,-71.9591199999999
3,3,1,3,3,38,2,3,3,38,"A",41.1843829999999,-73.137083
2,6,2,3,3,4,1,5,4,58,"A",41.271875,-72.47938
2,4,0,1,2,64,1,4,2,64,"A",41.356297,-71.845625
3,6,0,3,2,5,1,NA,3,63,"A",41.0271169999999,-73.5667839999999
1,6,0,4,3,52,2,2,3,52,"A",41.17825,-73.143652
3,5,0,3,3,56,1,2,4,59,"A",41.329459,-72.106745
3,5,2,2,3,47,1,6,4,46,"A",41.276636,-72.46971
2,4,2,3,1,9,2,6,3,39,"A",41.034961,-73.547672
6,6,1,3,3,30,1,5,2,62,"A",41.0406989999999,-73.599693
7,3,0,2,3,38,1,5,4,55,"A",41.3546899999999,-72.171795
5,7,0,3,1,40,1,2,NA,47,"A",41.158884,-73.226755
1,1,0,2,2,NA,NA,NA,NA,NA,"A",41.1499749999999,-73.131332
2,1,2,1,1,10,1,5,4,61,"A",41.2824189999999,-72.399748
3,5,0,3,1,12,2,3,2,65,"A",41.034716,-73.595618
1,4,1,1,1,31,2,3,3,62,"A",41.348464,-71.9623359999999
1,6,1,2,1,14,1,3,3,80,"A",41.2482,-72.861711
3,4,1,4,1,15,1,2,3,63,"A",41.247377,-72.86955
1,5,0,2,3,29,2,5,3,29,"A",41.3061859999999,-72.234419
2,6,1,4,1,8,2,6,2,34,"A",41.2619479999999,-72.8211009999999
2,3,0,2,3,9,2,4,3,59,"A",41.262141,-72.8922299999999
5,7,2,1,1,46,2,3,3,81,"A",41.138331,-73.253714
2,6,1,3,3,26,2,3,3,51,"A",41.214695,-73.038798
4,7,1,2,3,25,2,2,3,53,"A",41.356006,-71.9626439999999
1,7,0,3,3,15,1,3,3,75,"A",41.261488,-72.831287
1,4,1,5,3,2,2,5,3,30,"A",41.157665,-73.114134
2,4,0,3,3,58,2,1,2,61,"A",41.315004,-72.873174
2,2,2,3,1,14,2,3,3,70,"A",41.281395,-72.929871
2,4,1,4,1,18,1,6,3,53,"A",41.2779219999999,-72.6321729999999
2,5,0,2,3,40,2,4,4,66,"A",41.31543,-72.308241
4,3,0,2,3,60,2,2,2,62,"A",41.317124,-72.104763
6,7,0,3,3,NA,2,NA,NA,66,"A",41.250951,-72.8711849999999
1,1,0,2,1,40,1,6,1,90,"A",41.265805,-72.8249689999999
0,4,0,NA,2,0,1,5,3,74,"A",41.2914249999999,-72.7908359999999
4,6,0,4,2,87,2,2,3,87,"A",41.343539,-71.8420059999999
2,4,1,3,3,10,1,6,3,46,"A",41.101731,-73.3828309999999
4,5,0,3,2,60,1,5,4,73,"A",41.2459119999999,-72.877547
2,3,0,4,2,15,2,3,3,58,"A",41.287449,-72.809318
2,5,2,3,1,3,2,4,3,64,"A",41.2481379999999,-72.861637
2,5,1,3,3,15,2,3,2,27,"A",41.3118219999999,-72.88114
2,6,0,4,3,49,2,3,4,83,"A",41.217256,-73.02299
2,6,2,4,1,33,1,4,4,72,"A",41.208471,-73.0242389999999
4,7,0,2,2,40,1,5,2,69,"A",41.269004,-72.802071
2,3,0,4,2,60,2,2,4,68,"A",41.279573,-72.589471
4,2,0,2,2,70,1,4,3,71,"A",41.3241719999999,-72.137977
2,1,0,2,3,40,1,2,4,65,"A",41.2608999999999,-72.9451669999999
3,3,0,3,2,24,1,4,2,81,"A",41.265521,-72.8250249999999
2,1,1,1,3,30,2,4,3,63,"A",41.16587,-73.222806
3,3,2,3,1,5,1,6,3,36,"A",41.143878,-73.243661
2,7,0,2,3,10,2,5,3,40,"A",41.244909,-72.995182
1,5,1,3,3,20,2,3,NA,67,"A",41.0877709999999,-73.414541
2,1,0,3,3,60,1,3,4,73,"A",41.099572,-73.4077249999999
2,4,1,2,3,27,1,5,3,64,"A",41.0576269999999,-73.434121
2,2,0,3,3,20,1,4,3,65,"A",41.3016989999999,-72.2347029999999
2,4,0,1,1,60,1,5,4,59,"A",41.313746,-72.2053259999999
1,5,0,3,1,25,2,NA,NA,70,"A",41.280072,-72.444425
6,6,1,2,3,25,NA,NA,NA,NA,"A",41.0307779999999,-73.547921
1,6,0,3,3,8,2,3,3,36,"A",41.1792919999999,-73.169656
2,5,0,3,2,45,1,5,3,53,"A",41.3099199999999,-72.124649
3,2,0,2,1,40,NA,NA,1,NA,"A",41.2953199999999,-72.209777
2,3,0,3,2,54,1,5,2,88,"A",41.3317169999999,-72.135593
1,2,0,3,3,48,2,6,2,71,"A",41.330466,-72.1408339999999
1,2,0,2,2,26,1,3,4,76,"A",41.305419,-72.217679
2,5,0,3,1,47,1,5,3,56,"A",41.27492,-72.528187
2,4,0,3,1,29,1,6,4,61,"A",41.021171,-73.6096419999999
3,5,0,3,1,22,2,5,2,53,"A",41.0420599999999,-73.5965039999999
2,1,0,2,3,4,1,NA,4,62,"A",41.1331709999999,-73.2729999999999
3,1,1,3,3,42,1,6,4,43,"A",41.1384189999999,-73.25403
4,5,0,4,1,30,2,1,3,73,"A",41.153833,-73.223175
2,6,0,4,3,5,2,NA,3,59,"A",41.2116339999999,-73.0206989999999
2,3,0,2,3,37,1,3,4,64,"A",41.28125,-72.485331
3,2,0,3,3,51,2,NA,NA,51,"A",41.270214,-72.937235
2,4,0,4,1,17,1,4,4,69,"A",41.167338,-73.188185
2,5,0,3,1,2,2,4,1,34,"A",41.2821939999999,-72.3964849999999
2,6,1,3,1,10,2,2,3,67,"A",41.220593,-73.104174
10,4,0,3,1,10,1,6,5,36,"A",41.097399,-73.39882
2,4,0,3,3,60,1,NA,3,69,"A",41.274495,-72.8250309999999
2,6,0,3,2,29,1,1,2,64,"A",41.315004,-72.873174
2,3,0,3,1,8,1,NA,4,54,"A",41.287321,-72.359978
2,2,1,3,1,15,1,6,3,74,"A",41.015082,-73.591739
1,3,0,4,2,22,2,6,2,58,"A",41.3534519999999,-71.9588049999999
0,7,2,1,1,70,1,6,3,82,"A",41.097371,-73.372606
2,3,0,4,3,42,1,5,4,76,"A",41.06344,-73.4410529999999
NA,3,0,3,1,30,1,NA,3,68,"A",41.165897,-73.221996
3,5,1,3,3,40,1,4,3,67,"A",41.0329309999999,-73.547933
2,4,0,3,2,42,NA,NA,NA,NA,"A",41.259514,-72.9642889999999
3,6,0,4,3,17,2,5,1,49,"A",41.268304,-72.9435399999999
3,4,2,3,3,24,1,4,3,32,"A",41.1759789999999,-73.1428829999999
3,4,0,3,1,70,2,4,3,72,"A",41.248938,-72.8787269999999
2,3,0,1,1,43,1,6,3,43,"A",41.2848929999999,-72.378152
3,7,1,3,1,5,1,3,2,52,"A",41.2664779999999,-72.9358469999999
2,5,1,2,3,40,2,NA,3,NA,"A",41.056995,-73.495196
3,4,0,3,3,15,1,5,3,65,"A",41.2118219999999,-73.040941
3,5,1,3,1,12,1,NA,3,NA,"A",41.385773,-72.8744219999999
2,7,1,3,3,50,2,1,3,58,"A",41.1846669999999,-73.1361459999999
1,4,1,3,1,NA,NA,NA,NA,NA,"A",41.1443319999999,-73.2404839999999
0,6,2,3,1,15,2,4,3,71,"A",41.269944,-72.5980679999999
3,3,0,3,1,40,1,2,4,84,"A",41.3578329999999,-71.880903
5,2,0,1,1,82,1,4,3,82,"A",41.3207609999999,-72.0707799999999
1,3,0,4,3,3,2,1,1,66,"A",41.2746319999999,-72.485889
NA,NA,NA,NA,3,35,2,3,NA,49,"A",41.357367,-72.1769259999999
2,6,2,3,1,NA,2,5,3,61,"A",41.205092,-73.015394
2,5,0,2,3,37,1,5,2,68,"A",41.356296,-71.8523179999999
2,5,1,3,1,42,NA,NA,NA,NA,"A",41.282456,-72.384594
2,6,0,2,1,28,2,5,2,75,"A",41.227293,-72.99056
2,6,2,2,1,8,2,5,3,53,"A",41.246214,-72.8732219999999
5,3,0,2,3,48,1,2,2,89,"A",41.274022,-72.519945
3,7,0,2,3,37,2,2,3,76,"A",41.2895109999999,-72.4956619999999
0,7,0,5,3,19,2,2,3,46,"A",41.3179,-72.8719789999999
2,6,2,3,3,3,2,4,1,52,"A",41.300896,-72.32858
2,6,1,3,1,43,1,2,4,77,"A",41.0351319999999,-73.52948
2,2,0,1,3,15,2,3,2,55,"A",41.198357,-73.1173749999999
4,3,1,1,1,20,2,6,2,58,"A",41.016039,-73.569743
1,5,0,3,1,9,2,1,2,29,"A",41.164448,-73.216864
3,3,0,2,1,51,1,4,4,51,"A",41.2920859999999,-72.312685
2,6,0,2,1,30,1,4,3,63,"A",41.0657939999999,-73.442278
3,5,0,3,1,31,2,3,3,89,"A",41.0984649999999,-73.405996
3,5,1,3,3,47,2,3,3,47,"A",41.28555,-72.648138
2,3,0,4,1,49,2,3,3,49,"A",41.269314,-72.828524
4,2,0,1,3,43,1,5,4,43,"A",41.135783,-73.2819769999999
4,2,0,2,1,15,2,6,4,51,"A",41.056877,-73.456935
2,3,NA,3,2,35,1,6,3,71,"A",41.327275,-72.3672179999999
2,4,0,1,2,50,1,5,3,50,"A",41.278663,-72.670447
2,7,2,2,1,40,1,5,4,51,"A",41.245616,-72.896282
1,4,0,3,3,40,1,2,3,77,"A",41.354557,-71.96738
3,5,0,4,2,64,2,2,3,64,"A",41.314064,-72.8752669999999
1,3,0,2,1,24,1,NA,3,73,"A",41.255203,-72.8941599999999
1,2,0,2,1,30,1,3,3,68,"A",41.3364729999999,-72.05061
5,5,0,3,2,2,2,5,3,30,"A",41.150917,-73.2719979999999
2,1,0,2,3,2,1,6,4,55,"A",41.2720249999999,-72.818132
4,4,0,2,2,2,2,3,3,54,"A",41.268731,-72.8720749999999
1,2,0,1,2,55,1,3,2,55,"A",41.334195,-72.323774
4,4,0,2,2,25,1,4,3,30,"A",41.3764699999999,-71.8360739999999
2,5,0,3,2,58,1,5,4,58,"A",41.2863699999999,-72.949922
1,6,0,3,3,4,1,6,3,62,"A",41.0736429999999,-73.445458
2,2,0,3,3,36,1,4,2,37,"A",41.317913,-72.907683
3,4,0,3,3,70,1,2,4,NA,"A",41.2889029999999,-72.935939
2,5,0,NA,3,20,2,3,2,65,"A",41.325678,-71.9670509999999
2,4,0,4,1,11,1,5,3,51,"A",41.2966539999999,-72.211696
4,3,0,1,1,33,2,5,3,58,"A",41.1815879999999,-73.1327529999999
2,5,2,3,1,18,1,6,4,51,"A",41.05677,-73.4939629999999
3,6,0,2,1,25,2,5,2,59,"A",41.064382,-73.4383839999999
2,5,0,3,2,30,2,6,2,73,"A",41.122544,-73.315773
3,2,0,2,3,16,2,4,3,73,"A",41.208289,-73.057665
1,2,0,4,3,40,1,2,4,55,"A",41.3227729999999,-72.0621009999999
1,5,0,3,3,10,1,2,4,81,"A",41.3526949999999,-71.945278
2,5,1,3,1,15,2,3,NA,NA,"A",41.177572,-73.135499
1,6,0,2,3,2,2,6,3,56,"A",41.27046,-72.5939609999999
2,5,2,3,1,14,1,5,3,54,"A",41.245958,-72.8631699999999
3,4,0,3,1,71,1,4,4,71,"A",41.321391,-72.060734
2,6,0,3,2,22,1,4,3,52,"A",41.082728,-73.415707
12,7,0,2,3,91,2,2,3,91,"A",41.1765759999999,-73.1447749999999
5,7,0,3,2,59,1,2,4,59,"A",41.1302609999999,-73.269506
0,6,2,3,3,2,1,6,1,58,"A",41.041733,-73.5233599999999
3,2,0,2,1,5,2,2,3,64,"A",41.309925,-72.209538
5,6,1,3,1,2,1,4,2,29,"A",41.187711,-73.090373
2,7,2,2,1,15,2,3,2,65,"A",41.283119,-72.417918
2,5,2,4,3,84,2,1,4,90,"A",41.2849709999999,-72.5863039999999
1,3,0,3,3,41,1,5,3,45,"A",41.1551109999999,-73.228452
2,5,0,2,2,45,2,4,3,71,"A",41.3233329999999,-72.058851
4,5,0,2,3,37,2,4,2,NA,"A",41.278056,-72.813845
4,4,0,2,2,35,2,4,2,52,"A",41.211796,-73.0216
0,5,3,4,3,5,1,2,3,29,"A",41.165519,-73.194383
4,6,0,3,2,25,2,3,3,67,"A",41.2295319999999,-72.9968559999999
8,5,0,2,2,13,NA,NA,NA,NA,"A",41.1457559999999,-73.2473779999999
2,7,0,4,1,14,2,4,4,71,"A",41.247084,-72.892774
7,1,0,3,3,3,2,3,1,53,"A",41.156416,-73.2295299999999
9,5,1,3,3,25,2,3,3,90,"A",41.2630449999999,-72.385029
2,5,1,3,2,20,1,4,NA,78,"A",41.300477,-72.226769
1,2,0,3,1,30,1,3,NA,68,"A",41.262323,-72.894005
3,1,0,3,3,67,1,2,3,67,"A",41.3186279999999,-72.112812
2,4,0,2,2,20,1,3,2,59,"A",41.314029,-72.875484
2,3,1,4,1,20,2,3,3,46,"A",41.283292,-72.8117459999999
2,7,0,3,2,12,2,2,NA,46,"A",41.2582019999999,-72.8482869999999
2,6,0,NA,3,55,1,3,3,80,"A",41.284126,-72.3909199999999
1,1,0,3,1,15,1,2,4,71,"A",41.280389,-72.434244
3,6,1,2,NA,50,2,4,2,67,"A",41.318666,-72.215128
1,4,0,2,2,62,2,2,2,63,"A",41.2780849999999,-72.55266
2,7,0,4,1,4,2,6,3,42,"A",41.0933599999999,-73.4021529999999
2,2,0,3,3,60,1,3,2,63,"A",41.097776,-73.4016799999999
2,7,0,5,3,49,2,2,3,49,"A",41.1808079999999,-73.176574
3,5,1,4,3,9,1,2,3,63,"A",41.1677579999999,-73.188412
2,7,1,2,3,10,2,6,3,87,"A",41.3409989999999,-72.137415
1,4,1,3,3,10,2,3,1,76,"A",41.3063769999999,-72.8910029999999
0,6,2,4,1,30,2,2,4,72,"A",41.103572,-73.381872
0,4,0,4,1,60,1,4,4,88,"A",41.2528799999999,-72.8948249999999
3,7,2,2,1,30,2,6,3,71,"A",41.019663,-73.5619879999999
2,6,2,3,1,10,2,6,2,42,"A",41.137224,-73.242394
0,4,2,3,1,5,2,5,2,41,"A",41.2587199999999,-72.892278
2,6,2,2,1,13,2,5,3,49,"A",41.2750169999999,-72.4796699999999
4,3,0,4,3,30,2,NA,3,65,"A",41.3581059999999,-71.850638
0,2,0,3,3,30,2,1,2,56,"A",41.2733279999999,-72.944815
3,6,0,1,3,20,1,6,3,66,"A",41.300387,-72.369235
1,7,1,3,NA,26,NA,3,3,69,"A",41.175462,-73.135291
2,3,0,3,3,4,1,5,2,70,"A",41.350177,-72.101522
2,5,1,3,3,14,2,5,2,63,"A",41.258034,-72.848763
2,4,0,2,2,12,NA,NA,NA,NA,"A",41.287528,-72.2898619999999
0,5,2,2,3,5,1,6,3,54,"A",41.257993,-72.807253
4,6,0,1,1,7,1,NA,5,37,"A",41.3271239999999,-72.091548
2,6,0,3,3,56,2,NA,NA,NA,"A",41.281471,-72.5796449999999
3,6,3,1,1,25,2,4,3,62,"A",41.314408,-72.3266579999999
2,6,2,3,3,3,2,3,3,68,"A",41.197495,-73.0801069999999
NA,3,0,3,3,52,1,5,1,59,"A",41.35824,-71.8438589999999
3,6,1,2,3,2,2,2,3,27,"A",41.1639509999999,-73.222356
10,4,0,4,1,15,1,1,4,57,"A",41.174483,-73.13994
3,6,3,2,1,43,1,4,4,70,"A",41.3608139999999,-71.875287
2,4,0,3,3,29,2,6,2,60,"A",41.13399,-73.26922
2,5,1,3,2,30,1,2,3,92,"A",41.007559,-73.6447509999999
2,2,0,2,3,45,1,5,2,70,"A",41.273009,-72.525896
5,3,1,3,1,60,1,5,4,91,"A",41.321868,-72.007249
10,1,0,1,3,40,2,2,4,57,"A",41.2611479999999,-72.792022
3,3,0,1,2,40,1,5,3,76,"A",41.2589309999999,-72.9511899999999
1,5,1,2,1,53,1,5,1,53,"A",41.208806,-73.016017
1,1,0,2,3,19,1,6,2,69,"A",41.128045,-73.3707129999999
1,3,0,2,1,18,2,2,3,67,"A",41.162312,-73.223669
1,6,0,5,1,5,2,2,3,60,"A",41.2365709999999,-72.9870399999999
3,5,0,3,2,53,1,4,5,60,"A",41.216901,-73.024563
2,5,1,3,3,33,2,2,3,65,"A",41.3348119999999,-72.171796
6,7,0,3,3,43,2,NA,NA,74,"A",41.2857759999999,-72.4037309999999
2,6,0,2,2,14,2,4,2,49,"A",41.289068,-72.29206
2,4,0,2,1,10,1,5,3,40,"A",41.2522719999999,-72.8964469999999
1,3,0,2,1,38,1,6,5,74,"A",41.357996,-71.964605
3,6,0,3,3,27,2,4,2,55,"A",41.2587309999999,-72.848498
3,3,1,3,1,21,2,1,3,54,"A",41.263069,-72.939006
4,5,0,3,3,70,2,NA,NA,80,"A",41.3409989999999,-72.137415
2,4,0,2,3,40,1,4,3,60,"A",41.3438319999999,-71.8453339999999
3,4,1,4,3,10,2,5,2,48,"A",41.0250109999999,-73.566299
2,6,1,3,1,10,2,5,2,61,"A",41.1378619999999,-73.2862719999999
2,3,0,2,1,50,1,6,2,56,"A",41.112313,-73.348971
5,5,0,2,1,71,1,3,3,71,"A",41.245762,-72.875426
3,3,0,2,2,50,1,2,2,70,"A",41.209876,-73.023418
3,4,0,1,2,10,1,5,5,63,"A",41.066803,-73.44049
2,4,1,4,1,3,2,2,1,49,"A",41.1656449999999,-73.1991369999999
2,5,0,2,2,16,1,5,3,37,"A",41.315736,-72.2065989999999
2,2,0,4,3,6,1,6,4,28,"A",41.0991679999999,-73.399579
3,5,1,3,3,45,2,4,2,69,"A",41.268352,-72.685862
2,7,1,3,1,37,1,1,1,43,"A",41.352886,-72.094832
3,3,0,3,3,67,1,3,2,70,"A",41.182774,-73.135864
2,4,0,1,3,25,2,6,4,52,"A",41.1156769999999,-73.359105
2,4,1,2,1,5,1,6,4,56,"A",41.3383729999999,-71.963458
NA,3,0,2,3,9,2,2,NA,64,"A",41.290357,-72.952993
4,7,1,1,1,7,2,5,2,71,"A",41.2470789999999,-72.966232
2,5,2,2,1,50,1,6,2,57,"A",41.129283,-73.292094
2,6,0,5,3,35,1,4,4,56,"A",41.137191,-73.260261
NA,1,NA,1,2,5,1,1,2,55,"A",41.3415639999999,-72.0220889999999
3,1,0,3,2,30,1,5,2,75,"A",41.1303389999999,-73.363574
2,4,0,1,3,35,2,NA,4,62,"A",41.3560579999999,-71.964038
4,7,2,3,1,18,2,3,4,66,"A",41.1612459999999,-73.1176269999999
3,3,0,2,3,20,1,5,3,33,"A",41.1261439999999,-73.302143
2,6,2,3,3,5,2,6,2,43,"A",41.1440059999999,-73.2326609999999
5,7,0,4,3,58,2,2,NA,89,"A",41.154062,-73.129275
2,4,0,3,2,59,1,4,3,62,"A",41.165418,-73.222227
1,3,0,2,3,20,1,5,4,76,"A",41.313014,-72.0949839999999
3,7,0,4,3,11,2,5,3,42,"A",41.0405439999999,-73.59416
1,7,0,3,3,10,2,3,3,55,"A",41.294237,-72.93093
3,3,0,3,3,15,2,3,3,52,"A",41.356652,-71.970448
2,5,0,3,2,4,1,3,2,39,"A",41.2893419999999,-72.3061919999999
1,NA,0,NA,NA,NA,NA,NA,NA,NA,"A",41.2673309999999,-72.753112
2,6,2,4,1,10,1,6,3,42,"A",41.032552,-73.5319619999999
2,1,0,3,2,6,1,6,2,53,"A",41.1353399999999,-73.269085
4,7,0,4,3,62,2,2,3,63,"A",41.372076,-71.835191
2,1,0,2,1,25,2,5,3,71,"A",41.29592,-72.2587029999999
3,5,1,2,3,18,2,3,3,58,"A",41.3361609999999,-72.099541
3,5,0,3,1,11,2,6,2,46,"A",41.034307,-73.526181
3,3,1,3,1,32,2,3,3,67,"A",41.282462,-72.4464059999999
1,3,1,4,1,2,2,4,3,65,"A",41.154249,-73.2191279999999
1,3,0,3,3,78,1,3,3,78,"A",41.3596119999999,-71.880537
2,6,0,2,1,5,2,NA,NA,NA,"A",41.2684459999999,-72.900165
1,3,1,4,1,36,1,6,4,69,"A",41.054343,-73.503394
3,5,0,3,1,14,2,6,4,48,"A",41.215397,-73.039372
4,7,0,3,3,20,1,NA,3,NA,"A",41.11616,-73.360529
1,3,0,3,3,54,2,2,3,74,"A",41.289514,-72.276643
2,3,0,4,NA,40,2,4,3,86,"A",41.282018,-72.627276
6,5,0,3,1,35,1,5,2,64,"A",41.273048,-72.520249
2,5,0,2,3,30,1,5,3,57,"A",41.196379,-73.102037
6,1,1,1,1,20,1,2,3,87,"A",41.1494179999999,-73.226256
2,5,0,2,3,64,2,1,2,67,"A",41.1716059999999,-73.133499
2,7,0,2,3,10,1,5,3,38,"A",41.2450249999999,-72.994954
3,5,0,2,1,19,2,6,3,54,"A",41.026136,-73.562269
0,3,0,3,2,60,1,6,3,68,"A",41.215927,-73.1171109999999
2,4,2,3,1,NA,2,2,4,79,"A",41.2812679999999,-72.4021259999999
3,6,0,2,1,23,2,6,2,48,"A",41.286,-72.292534
2,6,1,2,1,20,2,6,3,53,"A",41.2892579999999,-72.368645
4,4,2,2,1,8,NA,NA,NA,NA,"A",41.070644,-73.44301
2,6,0,3,3,25,2,3,3,60,"A",41.2803919999999,-72.549204
2,2,0,3,3,NA,1,1,4,63,"A",41.27819,-72.8174709999999
2,5,1,3,3,35,2,5,2,65,"A",41.254778,-72.8623889999999
1,4,0,3,NA,45,2,2,3,74,"A",41.180813,-73.127945
1,6,0,3,2,5,1,6,4,41,"A",41.316502,-72.2032499999999
5,5,0,2,1,58,2,5,3,59,"A",41.1493669999999,-73.127497
2,7,2,1,2,3,2,3,3,56,"A",41.088911,-73.4154079999999
2,6,0,3,1,14,1,5,1,69,"A",41.2532799999999,-72.834254
2,2,0,2,1,15,1,5,3,36,"A",41.1234809999999,-73.2588949999999
3,5,0,3,3,30,2,6,3,58,"A",41.2992909999999,-72.6506329999999
4,4,0,2,3,40,NA,NA,NA,NA,"A",41.030506,-73.5920739999999
2,3,0,3,3,3,2,5,2,48,"A",41.3296289999999,-72.094102
3,3,0,4,3,28,1,1,3,54,"B",41.3052119999999,-72.895566
5,7,2,3,3,40,NA,NA,3,NA,"B",41.182496,-73.157537
4,6,0,2,3,7,1,4,3,46,"B",41.266522,-72.9560579999999
2,2,0,2,3,9,2,4,2,41,"B",41.279555,-72.8657419999999
10,4,0,2,3,17,2,5,3,49,"B",41.139268,-73.295175
2,4,0,3,3,14,1,3,3,28,"B",41.103869,-73.402955
6,6,0,3,3,23,1,1,3,47,"B",41.041645,-73.536167
1,4,0,3,3,40,2,3,3,64,"B",41.278406,-72.947791
3,1,0,3,2,9,1,2,4,74,"B",41.102809,-73.4025079999999
4,4,1,3,2,20,2,4,3,63,"B",41.228011,-73.0516329999999
2,2,2,5,2,30,1,2,4,78,"B",41.329391,-72.95663
1,5,1,4,1,2,2,3,2,59,"B",41.289135,-72.3807979999999
3,2,0,4,3,45,1,2,3,64,"B",41.275117,-72.946707
2,5,0,3,3,36,2,4,3,61,"B",41.280253,-72.871408
1,3,1,3,1,5,2,3,3,78,"B",41.295081,-72.3761769999999
2,1,0,3,3,30,1,2,4,31,"B",41.172114,-73.230556
2,4,0,1,3,29,2,5,3,58,"B",41.292853,-72.3778339999999
2,7,0,1,2,40,2,5,3,46,"B",41.046219,-73.594581
2,7,0,4,3,8,1,2,NA,46,"B",41.2822579999999,-72.6824199999999
3,6,2,4,3,15,1,3,2,61,"B",41.276463,-72.771157
5,5,3,3,1,90,2,1,4,92,"B",41.348115,-72.145548
3,5,0,2,1,50,2,1,3,57,"B",41.046283,-73.5395429999999
1,3,1,3,2,15,2,1,3,92,"B",41.285215,-72.4444419999999
2,5,0,4,2,9,1,6,3,36,"B",41.057445,-73.5340539999999
3,4,2,2,1,17,1,6,3,56,"B",41.056913,-73.537282
8,3,1,2,3,50,1,2,5,67,"B",41.3429009999999,-72.031975
3,5,0,3,3,66,2,NA,NA,66,"B",41.260469,-72.9567579999999
2,1,0,NA,3,53,1,NA,3,58,"B",41.350014,-72.022998
2,4,0,2,1,14,2,5,2,64,"B",41.043225,-73.592386
2,6,0,3,2,60,1,5,3,63,"B",41.177705,-73.219029
1,3,0,3,3,13,2,5,4,45,"B",41.212728,-73.117913
5,5,0,3,3,3,1,3,3,29,"B",41.328713,-72.956338
1,5,0,2,2,6,2,3,3,56,"B",41.3624119999999,-71.866585
1,4,0,2,2,57,1,6,4,57,"B",41.225779,-73.0562
3,2,0,3,3,3,2,3,2,26,"B",41.0567149999999,-73.5360589999999
1,5,0,3,3,4,2,6,2,36,"B",41.125649,-73.355541
4,4,0,2,2,44,2,3,3,68,"B",41.19241,-73.136653
5,5,0,4,2,3,1,5,2,68,"B",41.125436,-73.3652929999999
2,3,1,3,3,4,2,3,1,32,"B",41.137776,-73.291649
0,4,0,3,1,51,1,4,3,58,"B",41.345176,-72.025884
2,4,0,2,3,30,2,5,4,64,"B",41.071595,-73.4543769999999
2,5,0,3,2,36,2,6,4,47,"B",41.229798,-73.049559
NA,1,0,3,3,83,1,2,3,88,"B",41.264747,-72.9461989999999
1,2,0,4,3,6,1,6,2,41,"B",41.305788,-72.918536
2,6,1,3,1,3,2,6,3,48,"B",41.2782789999999,-72.617118
1,3,0,2,2,52,1,4,1,52,"B",41.322636,-72.908293
2,6,2,2,NA,28,2,6,5,33,"B",41.057803,-73.5368969999999
2,2,0,3,3,30,1,5,4,37,"B",41.282338,-72.8718489999999
2,3,0,2,3,12,1,3,2,59,"B",41.1728179999999,-73.213001
1,6,0,4,1,3,1,3,3,37,"B",41.0434279999999,-73.537936
8,1,0,3,1,29,1,NA,3,70,"B",41.3193059999999,-72.9119519999999
1,5,0,3,3,41,1,5,3,74,"B",41.1450639999999,-73.2685649999999
2,5,1,5,3,7,2,4,3,36,"B",41.2958969999999,-72.9409019999999
2,5,0,4,3,0,2,1,3,73,"B",41.329947,-72.958033
2,2,0,1,2,5,2,4,2,26,"B",41.217792,-73.062545
5,5,0,3,3,58,1,4,3,72,"B",41.208703,-73.1189109999999
NA,4,0,3,3,68,2,NA,3,79,"B",41.065483,-73.479055
2,4,0,3,2,40,2,5,3,40,"B",41.172534,-73.216028
3,2,0,3,3,15,2,2,3,38,"B",41.2884,-72.933108
2,6,0,2,3,44,1,5,4,50,"B",41.275148,-72.9373729999999
2,5,0,2,2,27,1,3,3,27,"B",41.1673469999999,-73.2329309999999
1,4,0,3,2,14,2,3,NA,49,"B",41.051769,-73.521692
3,2,0,3,2,47,1,5,2,47,"B",41.0442449999999,-73.535728
1,3,0,3,3,2,2,4,3,37,"B",41.055726,-73.5386579999999
7,5,0,4,2,10,1,4,2,78,"B",41.371058,-72.862716
4,3,0,1,3,27,2,2,3,72,"B",41.157086,-73.269625
4,5,1,2,3,25,1,3,5,25,"B",41.0442449999999,-73.535728
2,5,0,2,3,20,1,4,3,49,"B",41.132647,-73.328987
2,2,0,2,1,7,2,5,1,32,"B",41.349024,-72.0222469999999
2,6,0,2,3,20,2,4,2,50,"B",41.2696839999999,-72.9530489999999
2,2,0,2,3,35,2,3,3,55,"B",41.1960309999999,-73.102766
2,5,0,4,2,30,1,6,1,58,"B",41.1467839999999,-73.2691169999999
1,1,0,3,2,53,2,2,4,80,"B",41.235112,-73.000324
20,4,0,4,3,50,1,3,5,72,"B",41.284284,-72.881917
2,5,0,2,1,4,2,2,2,54,"B",41.2882219999999,-72.931492
1,3,0,4,3,10,1,5,4,46,"B",41.287945,-72.380972
3,6,0,4,NA,19,2,3,4,51,"B",41.285403,-72.44422
1,2,0,4,2,4,2,3,3,56,"B",41.28607,-72.6267979999999
0,2,0,4,3,3,1,3,3,32,"B",41.30297,-72.91973
2,3,0,2,3,8,1,5,3,40,"B",41.3050119999999,-72.919853
NA,4,0,2,2,70,1,4,3,74,"B",41.1316819999999,-73.2984519999999
2,5,0,1,3,52,1,4,3,80,"B",41.234369,-73.0001769999999
3,5,2,3,3,38,1,3,NA,63,"B",41.3448229999999,-72.024957
2,7,2,2,1,20,1,2,NA,54,"B",41.1794289999999,-73.1638959999999
2,5,0,2,2,27,1,5,3,50,"B",41.357978,-71.913227
3,3,0,3,3,40,2,1,2,48,"B",41.17646,-73.165569
5,5,0,1,2,65,2,2,4,96,"B",41.2778229999999,-72.8791719999999
1,2,0,4,3,4,1,5,2,61,"B",41.038068,-73.529724
0,4,0,3,1,56,2,2,4,80,"B",41.168968,-73.224622
4,2,0,3,2,14,2,2,3,53,"B",41.183185,-73.167713
10,2,1,2,3,20,1,1,4,83,"B",41.044069,-73.524278
10,5,0,3,3,14,2,4,3,40,"B",41.274532,-72.9435919999999
NA,7,1,5,1,15,1,1,NA,58,"B",41.181054,-73.1561219999999
4,2,0,2,3,30,1,6,3,67,"B",41.0089,-73.636935
0,2,0,4,3,8,1,4,2,43,"B",41.202966,-73.1235109999999
3,6,0,4,1,10,1,2,NA,30,"B",41.051864,-73.5254269999999
5,5,0,3,2,35,1,NA,NA,57,"B",41.191046,-73.0956259999999
10,1,0,3,3,20,2,2,3,46,"B",41.279015,-72.9462719999999
1,6,0,2,1,14,2,1,5,50,"B",41.0977949999999,-73.418828
3,3,0,2,2,16,2,2,4,54,"B",41.18685,-73.134225
2,4,0,1,3,62,2,3,2,62,"B",41.3201079999999,-72.9131079999999
2,4,0,2,2,25,2,5,NA,63,"B",41.305554,-72.920771
2,5,0,4,3,67,1,3,2,67,"B",41.3067769999999,-72.9168219999999
2,5,0,2,2,25,1,3,3,59,"B",41.2642409999999,-72.9495519999999
1,6,0,4,3,8,2,2,3,66,"B",41.3068839999999,-72.891756
3,3,0,2,3,22,2,1,3,52,"B",41.186998,-73.1341709999999
5,3,0,3,3,15,2,1,3,89,"B",41.314828,-72.901868
2,5,2,2,3,60,2,3,3,63,"B",41.275193,-72.9468269999999
4,4,0,3,2,25,1,4,3,66,"B",41.264448,-72.955567
3,3,1,3,3,5,2,4,3,34,"B",41.059564,-73.543743
4,3,1,4,1,14,1,4,3,24,"B",41.0396629999999,-73.5269619999999
2,4,0,3,2,8,2,2,2,50,"B",41.1751179999999,-73.2141919999999
1,3,1,2,3,2,2,4,1,52,"B",41.185064,-73.130221
2,5,0,3,3,9,1,5,4,33,"B",41.268714,-72.955965
NA,3,0,4,2,8,1,NA,3,81,"B",41.3223709999999,-72.8748609999999
4,2,1,4,2,53,2,5,3,53,"B",41.1394659999999,-73.2962229999999
2,6,0,2,2,36,1,4,3,63,"B",41.263677,-72.962195
4,4,0,3,2,50,2,2,3,52,"B",41.05077,-73.5409429999999
2,6,0,3,2,22,1,5,3,66,"B",41.191324,-73.1280579999999
4,5,0,2,2,15,2,4,4,50,"B",41.2819209999999,-72.815162
2,6,0,5,3,0,1,4,3,48,"B",41.079683,-73.427554
5,2,0,3,1,21,1,6,3,52,"B",41.0306929999999,-73.613662
3,4,3,3,2,81,2,3,2,81,"B",41.285366,-72.671558
2,3,0,2,3,21,1,5,2,32,"B",41.271262,-72.9382329999999
0,4,0,2,3,39,1,5,3,79,"B",41.13195,-73.3308729999999
3,5,0,3,3,10,1,6,2,41,"B",41.0588989999999,-73.542011
2,2,1,4,3,6,1,6,3,37,"B",41.068489,-73.4763159999999
1,4,0,4,3,2,1,3,3,29,"B",41.1829109999999,-73.1473589999999
2,2,0,3,2,28,1,4,3,28,"B",41.1986509999999,-73.107539
4,1,0,1,2,57,NA,NA,NA,NA,"B",41.2706629999999,-72.832012
4,1,0,1,2,15,1,6,5,72,"B",41.0437489999999,-73.5156099999999
1,4,0,3,3,5,2,4,3,59,"B",41.328521,-72.957457
1,3,0,5,3,11,1,3,3,48,"B",41.313075,-72.902791
1,5,1,3,1,8,2,3,4,82,"B",41.0567149999999,-73.5360589999999
2,6,2,4,3,4,2,1,3,26,"B",41.182974,-73.169673
2,3,0,2,2,35,1,3,2,69,"B",41.3184139999999,-72.9087619999999
3,7,0,2,2,66,2,2,3,66,"B",41.184119,-73.191794
2,5,2,4,3,2,1,NA,NA,54,"B",41.271921,-72.951927
1,5,0,3,1,60,2,2,3,64,"B",41.3436039999999,-72.028717
5,3,0,2,1,50,1,5,3,77,"B",41.144483,-73.268601
2,2,0,2,NA,12,2,NA,3,79,"B",41.185185,-73.130367
2,5,0,2,3,40,1,3,3,61,"B",41.190061,-73.0907289999999
2,6,0,2,3,30,1,3,1,69,"B",41.14182,-73.29639
2,3,0,3,2,25,2,4,2,50,"B",41.200322,-73.1269709999999
2,1,0,4,2,47,2,1,2,49,"B",41.2756049999999,-72.9440309999999
2,5,0,3,2,15,2,5,3,65,"B",41.2787259999999,-72.9493949999999
2,5,0,3,2,3,2,2,4,81,"B",41.056913,-73.537282
2,3,0,3,2,62,1,5,3,62,"B",41.268143,-72.9497609999999
1,1,0,3,2,20,2,4,3,41,"B",41.043328,-73.542816
2,5,0,1,2,30,2,2,NA,32,"B",41.284356,-72.879157
3,3,0,3,3,22,1,3,2,44,"B",41.282387,-72.496463
3,2,0,3,3,20,1,3,2,61,"B",41.303733,-72.917347
2,2,0,3,3,10,2,3,3,66,"B",41.3063509999999,-72.919566
5,1,0,2,2,30,1,2,3,64,"B",41.057803,-73.5368969999999
1,5,0,3,3,45,2,2,3,45,"B",41.302816,-72.918439
3,6,0,3,2,61,2,3,4,61,"B",41.358736,-71.9174119999999
3,5,0,2,2,35,1,5,3,54,"B",41.275728,-72.863702
3,3,0,2,3,31,2,3,3,67,"B",41.2709729999999,-72.9515509999999
2,7,0,2,2,47,1,3,3,57,"B",41.285643,-72.628488
1,4,0,4,3,3,2,2,3,36,"B",41.2715329999999,-72.9371009999999
2,4,0,4,3,14,1,1,2,79,"B",41.2722219999999,-72.9389029999999
1,4,0,3,3,5,1,5,2,37,"B",41.303955,-72.920156
2,3,0,2,2,4,1,3,2,26,"B",41.3207639999999,-72.915372
7,5,0,1,2,72,1,3,1,72,"B",41.3426809999999,-72.0306039999999
5,3,0,2,1,20,1,3,3,57,"B",41.34465,-72.027265
3,4,0,3,2,55,NA,NA,NA,NA,"B",41.233989,-72.997465
2,2,0,2,NA,NA,2,5,3,48,"B",41.278928,-72.884551
2,5,0,3,1,17,1,6,3,71,"B",41.0372789999999,-73.5298849999999
3,3,0,2,3,42,2,2,2,93,"B",41.301163,-72.9290019999999
8,6,0,3,1,66,1,5,3,66,"B",41.0427439999999,-73.601076
4,6,0,2,2,29,2,2,1,56,"B",41.343237,-72.1457869999999
2,4,0,2,1,21,2,4,2,57,"B",41.2821149999999,-72.76917
3,5,0,4,3,1,2,2,3,48,"B",41.2767139999999,-72.9490559999999
4,5,0,3,3,39,2,6,3,39,"B",41.156556,-73.248506
2,5,0,3,3,NA,2,1,2,57,"B",41.180382,-73.189925
1,3,0,3,3,11,2,3,1,33,"B",41.177006,-73.22005
1,2,0,2,3,80,1,2,4,80,"B",41.34545,-72.027106
4,4,1,1,2,26,1,4,5,57,"B",41.265415,-72.955727
4,6,0,3,1,52,2,5,3,52,"B",41.190482,-73.090298
3,4,0,4,2,58,1,3,3,58,"B",41.175131,-73.224601
2,5,1,3,3,9,2,4,2,88,"B",41.059564,-73.543743
4,5,0,2,1,9,2,4,3,37,"B",41.195619,-73.0857319999999
3,5,0,2,2,23,1,5,3,60,"B",41.279352,-72.8192389999999
2,4,0,2,2,1,2,5,NA,32,"B",41.127768,-73.364363
0,5,1,3,3,39,2,3,3,68,"B",41.126587,-73.352686
2,4,0,3,3,1,2,3,3,51,"B",41.2674859999999,-72.953056
10,1,0,2,3,5,2,2,4,91,"B",41.283346,-72.8161659999999
1,4,0,2,3,7,1,4,3,37,"B",41.176766,-73.220758
2,3,0,4,3,24,2,1,3,24,"B",41.288229,-72.932905
4,5,0,3,3,41,2,5,3,41,"B",41.200658,-73.126807
NA,5,1,3,1,30,2,3,3,56,"B",41.1868339999999,-73.092117
5,4,0,3,2,92,1,2,3,92,"B",41.2804519999999,-72.872788
2,5,0,2,3,9,1,5,3,41,"B",41.0372789999999,-73.5298849999999
5,3,0,3,1,30,2,3,2,32,"B",41.038402,-73.52529
2,2,0,3,3,23,2,3,3,25,"B",41.273963,-72.956601
3,4,1,2,1,50,1,4,4,59,"B",41.295081,-72.3761769999999
2,6,0,2,2,44,2,NA,3,91,"B",41.28299,-72.59672
2,7,0,5,3,12,1,1,4,48,"B",41.308649,-72.8995209999999
2,7,0,5,1,40,2,2,NA,41,"B",41.18574,-73.1825709999999
2,1,0,1,2,5,2,6,3,54,"B",41.0409539999999,-73.5421869999999
1,7,0,3,3,3,1,2,NA,38,"B",41.176881,-73.1601969999999
2,6,0,2,2,17,2,3,3,60,"B",41.275764,-72.600401
0,4,0,3,1,1,2,5,1,35,"B",41.197137,-73.083436
2,5,0,2,2,62,2,5,3,62,"B",41.233113,-73.00105
2,5,0,3,2,30,2,3,2,34,"B",41.3237329999999,-72.0636259999999
1,5,1,3,1,7,1,6,3,41,"B",41.194944,-73.0840579999999
2,3,0,3,2,61,1,3,3,61,"B",41.175631,-73.2248649999999
2,3,0,3,3,15,1,2,3,63,"B",41.1896849999999,-73.1326719999999
2,7,0,3,1,52,2,2,3,51,"B",41.1818859999999,-73.1773879999999
3,4,0,3,2,60,1,3,4,79,"B",41.132572,-73.2999659999999
5,2,1,3,3,33,2,5,2,33,"B",41.1193829999999,-73.376952
2,5,0,4,2,2,2,3,3,92,"B",41.283346,-72.816166
2,3,0,2,3,15,2,1,4,45,"B",41.179661,-73.15613
2,5,2,2,1,52,2,4,2,55,"B",41.2651449999999,-72.9542239999999
2,5,0,3,3,0,1,1,3,60,"B",41.185937,-73.186052
3,4,0,3,3,48,1,4,NA,48,"B",41.272775,-72.9424089999999
2,1,0,4,3,4,1,4,4,63,"B",41.186936,-73.1322409999999
2,4,0,3,2,61,1,4,3,61,"B",41.235235,-73.0009009999999
0,5,0,2,3,71,2,3,3,71,"B",41.045656,-73.5946399999999
2,4,0,3,2,17,2,5,3,50,"B",41.2775469999999,-72.878387
2,4,0,2,3,16,2,4,3,45,"B",41.152403,-73.2480939999999
2,NA,1,3,3,73,2,5,3,73,"B",41.03414,-73.5490369999999
2,4,0,3,3,34,2,1,2,84,"B",41.0526029999999,-73.5434929999999
NA,5,0,3,3,25,2,NA,3,34,"B",41.366011,-72.887106
NA,3,3,3,2,12,1,1,3,56,"B",41.173355,-73.197242
3,2,0,2,3,38,2,5,3,66,"B",41.2847459999999,-72.625628
3,5,0,3,2,35,1,2,3,88,"B",41.1763729999999,-73.15979
2,7,0,5,1,13,2,1,3,77,"B",41.185937,-73.186052
3,4,0,3,3,19,2,2,3,45,"B",41.329393,-72.955305
2,4,0,3,2,28,1,6,3,51,"B",41.2001769999999,-73.099277
6,1,0,2,3,30,2,4,1,61,"B",41.362068,-71.8744999999999
3,4,3,4,1,4,1,NA,3,60,"B",41.185937,-73.186052
3,2,0,2,2,54,2,5,3,54,"B",41.227019,-73.051277
1,4,0,1,1,44,2,4,3,44,"B",41.34892,-72.022034
5,7,3,4,3,35,NA,NA,NA,NA,"B",41.2846139999999,-72.6342829999999
3,5,0,3,3,44,2,4,3,44,"B",41.042786,-73.5957999999999
2,2,0,3,2,60,1,NA,3,71,"B",41.2689719999999,-72.9522929999999
1,3,0,5,3,20,1,2,3,30,"B",41.171474,-73.198442
2,3,0,3,3,50,2,1,3,76,"B",41.278814,-72.868802
2,3,1,4,3,10,2,4,4,48,"B",41.193496,-73.1084259999999
5,4,0,3,3,54,2,3,2,54,"B",41.282946,-72.6789899999999
3,7,0,2,2,45,2,5,2,47,"B",41.178206,-73.162076
2,5,0,3,2,30,NA,NA,NA,NA,"B",41.2757879999999,-72.939791
2,4,1,2,3,19,2,NA,3,49,"B",41.063552,-73.4667189999999
2,5,0,2,2,30,2,6,3,41,"B",41.126313,-73.310781
0,1,0,3,2,22,1,2,3,63,"B",41.268214,-72.835891
2,5,0,3,2,30,1,3,3,50,"B",41.181922,-73.158749
2,4,1,4,2,20,2,2,2,40,"B",41.309938,-72.9137599999999
4,6,0,2,3,20,2,3,NA,55,"B",41.2590209999999,-72.956395
3,2,0,2,2,25,1,4,2,51,"B",41.1813489999999,-73.18022
3,3,0,1,2,4,2,2,1,30,"B",41.0561489999999,-73.540512
1,4,0,2,3,2,2,5,3,27,"B",41.0981299999999,-73.418406
2,4,0,2,3,8,2,3,3,34,"B",41.274735,-72.938449
1,2,0,3,3,4,1,2,3,52,"B",41.27051,-72.9544269999999
5,6,0,3,3,71,2,4,3,72,"B",41.1950179999999,-73.1089599999999
3,4,2,2,2,40,2,1,1,67,"B",41.279364,-72.592405
3,6,0,2,3,48,2,3,3,70,"B",41.260347,-72.954611
2,1,0,2,3,13,1,2,2,70,"B",41.1792799999999,-73.1893419999999
2,5,0,1,2,45,1,3,3,45,"B",41.1900279999999,-73.176618
3,5,1,2,3,8,2,6,3,34,"B",41.1606719999999,-73.236911
3,6,0,2,3,8,2,2,3,29,"B",41.3083749999999,-72.912424
4,4,0,2,2,37,1,6,3,37,"B",41.054194,-73.535988
3,7,2,2,2,43,2,1,3,50,"B",41.1819909999999,-73.1695469999999
2,7,0,3,3,24,2,3,3,54,"B",41.311199,-72.899692
2,5,0,3,3,1,1,3,2,26,"B",41.3066549999999,-72.916663
1,7,1,4,3,3,1,2,3,65,"B",41.302472,-72.9194229999999
1,1,0,2,2,20,1,2,NA,68,"B",41.176726,-73.203235
6,5,0,2,3,35,1,4,4,63,"B",41.0345519999999,-73.5688159999999
3,5,0,2,2,49,1,6,4,54,"B",41.1676659999999,-73.2678839999999
5,4,1,1,3,35,2,4,3,76,"B",41.328713,-72.956338
1,5,0,1,2,11,1,5,2,70,"B",41.184542,-73.214898
3,4,0,3,2,11,2,NA,NA,60,"B",41.1747599999999,-73.2159029999999
3,4,0,2,2,40,NA,NA,NA,NA,"B",41.330688,-72.8734039999999
1,4,0,4,3,5,1,4,3,40,"B",41.035559,-73.564538
4,5,0,2,2,7,1,5,3,64,"B",41.2680599999999,-72.8357809999999
3,1,0,2,3,14,2,3,3,60,"B",41.2647729999999,-72.9513769999999
2,5,0,2,2,27,2,5,5,52,"B",41.2858009999999,-72.627115
1,4,0,2,1,4,2,4,2,30,"B",41.038929,-73.528595
3,5,0,3,2,63,2,3,4,64,"B",41.1692389999999,-73.229236
2,3,0,3,2,5,2,NA,4,57,"B",41.008287,-73.636616
5,1,0,4,3,30,1,4,5,49,"B",41.329709,-72.8982879999999
0,4,0,2,2,3,1,6,3,59,"B",41.1015579999999,-73.4185679999999
2,4,1,2,1,8,1,5,4,38,"B",41.2229329999999,-73.05065
2,3,0,2,2,20,2,2,2,64,"B",41.0661929999999,-73.547903
2,7,0,1,3,60,2,3,2,60,"B",41.216081,-73.0596769999999
4,5,0,3,3,40,2,2,3,67,"B",41.015005,-73.634067
2,5,1,3,3,25,2,2,3,43,"B",41.19241,-73.136653
3,4,0,2,3,56,2,1,3,56,"B",41.329129,-72.955371
1,5,0,4,2,3,1,3,2,74,"B",41.271921,-72.951927
4,2,0,2,3,4,1,3,3,64,"B",41.3060279999999,-72.9226709999999
3,7,0,1,2,45,2,1,3,45,"B",41.1793619999999,-73.155848
4,3,0,2,2,40,1,1,3,42,"B",41.307048,-72.894272
1,3,1,2,3,4,2,4,1,35,"B",41.32103,-72.913977
2,2,0,3,3,19,2,NA,4,88,"B",41.055576,-73.5337279999999
6,1,0,3,3,50,NA,NA,NA,NA,"B",41.2647419999999,-72.9473849999999
1,5,0,3,3,3,1,5,2,55,"B",41.3047049999999,-72.922944
2,5,0,2,2,30,NA,NA,NA,NA,"B",41.156558,-73.267686
2,4,0,3,3,41,2,2,2,41,"B",41.0445029999999,-73.534835
2,4,0,3,2,39,2,4,4,71,"B",41.285046,-72.6329489999999
6,6,4,3,2,54,1,NA,3,63,"B",41.195752,-73.105491
3,7,0,2,3,40,1,3,1,61,"B",41.1651019999999,-73.230936
2,3,0,1,3,5,1,3,2,29,"B",41.3041989999999,-72.92529
2,7,0,4,3,NA,2,2,3,77,"B",41.3299469999999,-72.958033
3,5,1,3,3,12,1,4,2,72,"B",41.288626,-72.3778889999999
3,4,2,3,3,14,2,4,3,80,"B",41.2846959999999,-72.684781
3,3,0,3,2,65,2,5,3,65,"B",41.158873,-73.2673819999999
1,7,0,3,3,20,2,NA,NA,64,"B",41.308705,-72.900357
3,5,1,2,1,3,1,6,4,43,"B",41.147668,-73.2696229999999
4,2,0,1,3,20,2,6,3,37,"B",41.3047049999999,-72.922944
3,3,0,3,3,20,1,3,3,47,"B",41.284109,-72.676619
3,4,0,2,3,15,2,2,3,65,"B",41.260303,-72.951839
2,5,0,3,3,25,1,5,3,64,"B",41.185211,-73.1317959999999
1,4,0,3,3,20,2,3,3,74,"B",41.26502,-72.9512339999999
3,5,1,2,3,4,2,2,4,30,"B",41.276714,-72.949056
1,4,0,3,3,3,2,5,1,32,"B",41.302816,-72.918439
2,5,0,1,2,40,1,4,3,64,"B",41.194417,-73.103989
4,3,0,2,3,51,2,5,3,51,"B",41.269031,-72.951056
3,3,0,2,3,25,1,5,3,66,"B",41.043328,-73.542816
1,5,1,3,3,3,2,2,1,72,"B",41.261206,-72.950868
3,4,0,3,2,34,1,4,3,62,"B",41.2736469999999,-72.8768879999999
3,6,0,3,3,26,1,6,3,58,"B",41.0416099999999,-73.6030169999999
NA,NA,4,2,3,45,2,2,4,67,"B",41.2821789999999,-72.439475
1,5,2,2,3,5,2,1,3,36,"B",41.2637799999999,-72.9508969999999
4,4,0,2,2,30,2,3,4,49,"B",41.173095,-73.2054849999999
2,4,0,1,2,3,2,3,1,30,"B",41.3180789999999,-72.90885
2,5,0,2,1,40,1,5,3,50,"B",41.2875379999999,-72.439554
3,2,0,4,2,23,2,6,2,73,"B",41.1371019999999,-73.300408
1,2,0,2,3,57,2,3,2,57,"B",41.192242,-73.124836
1,4,0,3,3,37,2,2,4,67,"B",41.180948,-73.2179909999999
8,5,0,1,3,48,2,4,3,49,"B",41.196815,-73.1031069999999
2,2,0,3,3,2,2,3,NA,24,"B",41.3048089999999,-72.9200689999999
2,7,0,3,3,28,1,3,3,66,"B",41.282145,-72.7697189999999
2,6,0,3,3,30,1,5,2,64,"B",41.281565,-72.609116
1,5,0,2,2,48,2,3,2,48,"B",41.172096,-73.2155769999999
1,3,0,2,3,2,2,5,1,36,"B",41.3048089999999,-72.9200689999999
6,6,3,2,3,48,1,2,2,52,"B",41.179513,-73.1624549999999
2,7,0,3,3,51,2,3,2,51,"B",41.204706,-73.12054
2,3,0,4,2,30,2,5,3,37,"B",41.142387,-73.263983
2,3,0,4,3,18,2,6,3,50,"B",41.319429,-72.9153019999999
1,1,0,3,3,69,1,4,3,71,"B",41.038164,-73.603599
8,5,1,4,3,36,2,2,3,36,"B",41.362482,-71.8732739999999
2,7,1,3,3,10,2,6,2,43,"B",41.2202169999999,-73.0496629999999
2,5,0,2,3,17,1,5,1,61,"B",41.177705,-73.219029
2,7,2,3,1,3,2,2,3,39,"B",41.170268,-73.213462
3,5,0,3,3,35,1,5,4,49,"B",41.194017,-73.08633
NA,5,0,2,2,28,NA,NA,3,19,"B",41.041873,-73.510331
1,5,0,4,3,6,1,3,2,28,"B",41.3058449999999,-72.9258399999999
3,7,1,3,3,30,2,2,NA,53,"B",41.1728239999999,-73.1968399999999
1,4,0,3,2,2,2,6,2,35,"B",41.2795709999999,-72.6088969999999
1,5,0,3,2,54,2,5,4,54,"B",41.2804689999999,-72.8165039999999
2,3,0,3,2,4,2,2,1,30,"B",41.3306609999999,-72.8995019999999
5,4,0,2,1,61,2,6,3,61,"B",41.271124,-72.9554729999999
4,4,0,3,1,20,1,5,3,69,"B",41.1857109999999,-73.1302239999999
3,4,1,4,1,9,2,3,3,38,"B",41.223444,-73.049632
3,4,1,2,2,58,2,1,3,59,"B",41.180382,-73.189925
2,4,1,4,1,9,1,6,3,66,"B",41.283346,-72.8161659999999
4,6,0,2,3,40,2,NA,2,64,"B",41.036341,-73.530202
3,5,0,1,2,50,1,4,5,72,"B",41.277214,-72.624278
0,4,1,3,3,10,NA,NA,NA,NA,"B",41.303815,-72.2572449999999
3,4,0,3,2,55,2,3,NA,71,"B",41.200578,-73.1022179999999
5,3,0,3,2,21,1,4,3,44,"B",41.2020479999999,-73.125416
NA,6,0,3,2,49,NA,NA,NA,NA,"B",41.198241,-73.082692
NA,5,0,4,3,30,1,4,3,82,"B",41.3152019999999,-72.9115359999999
2,6,0,3,2,56,2,5,3,56,"B",41.1944439999999,-73.1055319999999
1,2,0,4,3,10,1,3,2,34,"B",41.1746729999999,-73.1920999999999
2,2,0,3,1,9,2,4,2,37,"B",41.3239999999999,-72.328322
4,4,1,2,2,20,2,2,3,52,"B",41.1746559999999,-73.212715
2,5,0,1,2,42,1,5,2,68,"B",41.3627809999999,-72.1816019999999
NA,4,NA,1,1,NA,2,1,NA,57,"B",41.3047049999999,-72.922944
1,4,1,4,3,4,2,6,4,27,"B",41.055855,-73.531923
2,5,0,3,1,10,1,4,4,61,"B",41.2733029999999,-72.937627
NA,4,4,2,1,10,2,1,1,41,"B",41.317444,-72.888542
2,5,0,3,2,7,1,5,2,34,"B",41.066135,-73.5478109999999
2,2,0,4,3,NA,2,3,3,NA,"B",41.27633,-72.941043
